OID_,stid,station_name,lat,lon,elev,begints,begin_month,begin_day,begin_year,iem_network
1,MRF,MARFA MUNI (AMOS),30.370000000000001,-104.019999999999996,1481.000000000000000,12/1/1936 0:00:00,12,1,1936,TX_ASOS
2,SKF,KELLY AFB,29.384229999999999,-98.581109999999995,210.000000000000000,7/7/1937 0:00:00,7,7,1937,TX_ASOS
3,RND,RANDOLPH AFB,29.530000000000001,-98.280000000000001,232.000000000000000,4/1/1938 0:00:00,4,1,1938,TX_ASOS
4,ELP,EL PASO INTL ARPT,31.811109999999999,-106.375829999999993,1194.000000000000000,4/1/1941 0:00:00,4,1,1941,TX_ASOS
5,EFD,HOUSTON/ELLINGTON,29.607330000000001,-95.158749999999998,10.000000000000000,7/1/1941 0:00:00,7,1,1941,TX_ASOS
6,VCT,VICTORIA REGIONAL,28.861400000000000,-96.930300000000003,36.000000000000000,11/4/1941 0:00:00,11,4,1941,TX_ASOS
7,HRL,HARLINGEN INTL ARPT,26.228500000000000,-97.654390000000006,11.000000000000000,3/1/1942 0:00:00,3,1,1942,TX_ASOS
8,SPS,WICHITA FALLS/SHEP,33.978600000000000,-98.492800000000003,314.000000000000000,4/13/1942 0:00:00,4,13,1942,TX_ASOS
9,ACT,Waco,31.617970000000000,-97.228300000000004,155.000000000000000,5/14/1942 0:00:00,5,14,1942,TX_ASOS
10,GVT,GREENVILLE/MAJORS,33.067839999999997,-96.065330000000003,163.000000000000000,9/11/1942 0:00:00,9,11,1942,TX_ASOS
11,HDO,HONDO MUNICIPAL,29.359439999999999,-99.174170000000004,283.000000000000000,9/15/1942 0:00:00,9,15,1942,TX_ASOS
12,DHT,DALHART MUNICIPAL,36.022590000000001,-102.547280000000001,1216.000000000000000,11/1/1942 0:00:00,11,1,1942,TX_ASOS
13,NFW,FORT WORTH NAS,32.780980000000000,-97.436480000000003,198.000000000000000,11/30/1942 0:00:00,11,30,1942,TX_ASOS
14,LRD,LAREDO INTL AIRPORT,27.543800000000001,-99.461529999999996,155.000000000000000,1/1/1943 0:00:00,1,1,1943,TX_ASOS
15,CDS,CHILDRESS MUNICIPAL,34.433889999999998,-100.288060000000002,595.000000000000000,2/15/1943 0:00:00,2,15,1943,TX_ASOS
16,DLF,LAUGHLIN AFB,29.359490000000001,-100.777969999999996,330.000000000000000,2/17/1943 0:00:00,2,17,1943,TX_ASOS
17,AMA,AMARILLO ARPT(AWOS),35.219360000000002,-101.705920000000006,1099.000000000000000,3/1/1943 0:00:00,3,1,1943,TX_ASOS
18,GLS,GALVESTON/SCHOLES,29.265329999999999,-94.860420000000005,16.000000000000000,11/1/1943 0:00:00,11,1,1943,TX_ASOS
19,DYS,DYESS AFB/ABILENE,32.420999999999999,-99.855000000000004,545.000000000000000,12/1/1943 0:00:00,12,1,1943,TX_ASOS
20,PRX,PARIS/COX FIELD,33.636609999999997,-95.450749999999999,167.000000000000000,5/17/1944 0:00:00,5,17,1944,TX_ASOS
21,BWD,BROWNWOOD MUNICIPAL,31.793610000000001,-98.956500000000005,422.000000000000000,9/1/1944 0:00:00,9,1,1944,TX_ASOS
22,TPL,TEMPLE/MILLER(AWOS),31.152500000000000,-97.407780000000002,208.000000000000000,1/2/1945 0:00:00,1,2,1945,TX_ASOS
23,NGP,CORPUS CHRISTI NAS,27.692630000000001,-97.291089999999997,6.000000000000000,3/1/1945 0:00:00,3,1,1945,TX_ASOS
24,FTW,FORT WORTH/MEACHAM,32.819780000000002,-97.362440000000007,216.000000000000000,3/1/1945 0:00:00,3,1,1945,TX_ASOS
25,NQI,KINGSVILLE NAS,27.507200000000001,-97.809700000000007,15.000000000000000,3/1/1945 0:00:00,3,1,1945,TX_ASOS
26,LBB,LUBBOCK INTL ARPT,33.663640000000001,-101.822779999999995,988.000000000000000,8/10/1945 0:00:00,8,10,1945,TX_ASOS
27,ILE,KILLEEN MUNI (AWOS),31.085830000000001,-97.686499999999995,258.000000000000000,5/15/1946 0:00:00,5,15,1946,TX_ASOS
28,DAL,DALLAS/LOVE FIELD,32.847110000000001,-96.851780000000005,148.000000000000000,7/26/1946 0:00:00,7,26,1946,TX_ASOS
29,TYR,TYLER/POUNDS FLD,32.354140000000001,-95.402389999999997,166.000000000000000,7/26/1946 0:00:00,7,26,1946,TX_ASOS
30,ABI,Abilene,32.410629999999998,-99.682090000000002,544.997499999999945,8/1/1946 0:00:00,8,1,1946,TX_ASOS
31,ALI,ALICE INTL AIRPORT,27.740890000000000,-98.026939999999996,54.000000000000000,8/1/1946 0:00:00,8,1,1946,TX_ASOS
32,CRP,CORPUS CHRISTI INTL,27.773060000000001,-97.512780000000006,13.000000000000000,8/1/1946 0:00:00,8,1,1946,TX_ASOS
33,PSX,PALACIOS MUNICIPAL,28.730000000000000,-96.250000000000000,5.000000000000000,8/1/1946 0:00:00,8,1,1946,TX_ASOS
34,INK,WINK/WINKLER CO.,31.780000000000001,-103.200000000000003,859.000000000000000,8/1/1946 0:00:00,8,1,1946,TX_ASOS
35,DRT,DEL RIO INTL (AUT),29.374210000000001,-100.927160000000001,307.000000000000000,8/9/1946 0:00:00,8,9,1946,TX_ASOS
36,SAT,SAN ANTONIO INTL,29.533690000000000,-98.469780000000000,242.000000000000000,8/14/1946 0:00:00,8,14,1946,TX_ASOS
37,BRO,BROWNSVILLE INTL,25.914610000000000,-97.423130000000000,6.000000000000000,1/1/1947 0:00:00,1,1,1947,TX_ASOS
38,NOG,ORANGE GROVE,27.901129999999998,-98.051670000000001,78.000000000000000,1/1/1948 0:00:00,1,1,1948,TX_ASOS
39,MAF,Midland Intl,31.946619999999999,-102.207449999999994,868.940600000000018,2/1/1948 0:00:00,2,1,1948,TX_ASOS
40,SJT,SAN ANGELO/MATHIS,31.351669999999999,-100.495000000000005,582.000000000000000,2/15/1948 0:00:00,2,15,1948,TX_ASOS
41,MWL,MINERAL WELLS MUNI,32.781610000000001,-98.060180000000003,296.000000000000000,3/9/1948 0:00:00,3,9,1948,TX_ASOS
42,ATT,Austin - City/Camp Mabry,30.320810000000002,-97.760419999999996,203.000000000000000,7/1/1948 0:00:00,7,1,1948,TX_ASOS
43,BPT,Beaumont - Port Arthur,29.952059999999999,-94.026139999999998,4.578463600000000,7/1/1948 0:00:00,7,1,1948,TX_ASOS
44,GDP,GUADALUPE PASS AMOS,31.833120000000001,-104.809780000000003,1662.000000000000000,7/1/1948 0:00:00,7,1,1948,TX_ASOS
45,HOU,HOUSTON/WILL HOBBY,29.637470000000000,-95.282449999999997,14.000000000000000,7/1/1948 0:00:00,7,1,1948,TX_ASOS
46,JCT,JUNCTION (AMOS),30.510829999999999,-99.766390000000001,522.000000000000000,7/1/1948 0:00:00,7,1,1948,TX_ASOS
47,LFK,LUFKIN/ANGELINA CO.,31.234010000000001,-94.750000000000000,88.000000000000000,8/1/1948 0:00:00,8,1,1948,TX_ASOS
48,CNW,Waco,31.637810000000002,-97.074140000000000,143.000000000000000,1/1/1949 0:00:00,1,1,1949,TX_ASOS
49,COT,COTULLA MUNICIPAL,28.456669999999999,-99.218329999999995,144.000000000000000,10/1/1949 0:00:00,10,1,1949,TX_ASOS
50,GGG,LONGVIEW/GREGG CO.,32.384010000000004,-94.711489999999998,124.000000000000000,9/1/1950 0:00:00,9,1,1950,TX_ASOS
51,GRK,FORT HOOD/GRAY AAF,31.070000000000000,-97.829999999999998,309.000000000000000,9/26/1950 0:00:00,9,26,1950,TX_ASOS
52,CLL,COLLEGE STATION,30.588059999999999,-96.363889999999998,98.000000000000000,8/1/1951 0:00:00,8,1,1951,TX_ASOS
53,DFW,DALLAS/FT WORTH,32.896830000000001,-97.037999999999997,182.000000000000000,5/1/1953 0:00:00,5,1,1953,TX_ASOS
54,PIL,PORT ISABEL-CAMERON COUNTY APT,26.159700000000001,-97.337810000000005,6.000000000000000,11/1/1957 0:00:00,11,1,1957,TX_ASOS
55,HLR,FT HOOD AAF/KILLEEN,31.138700000000000,-97.714500000000001,283.000000000000000,11/1/1960 0:00:00,11,1,1960,TX_ASOS
56,IAH,Houston Intercontinental,29.984400000000001,-95.360699999999994,28.000000000000000,6/1/1969 0:00:00,6,1,1969,TX_ASOS
57,MFE,MCALLEN/MILLER INTL,26.175830000000001,-98.238609999999994,33.000000000000000,12/31/1972 0:00:00,12,31,1972,TX_ASOS
58,ERV,KERRVILLE MUNICIPAL,29.976669999999999,-99.085470000000001,493.000000000000000,1/1/1973 0:00:00,1,1,1973,TX_ASOS
59,PVW,PLAINVIEW,34.168149999999997,-101.717339999999993,1028.000000000000000,1/1/1973 0:00:00,1,1,1973,TX_ASOS
60,ADS,DALLAS/ADDISON ARPT,32.968559999999997,-96.836449999999999,196.000000000000000,1/31/1974 0:00:00,1,31,1974,TX_ASOS
61,RWV,Caldwell,30.515470000000001,-96.704089999999994,119.000000000000000,7/1/1980 0:00:00,7,1,1980,TX_ASOS
62,HHF,CANADIAN,35.895000000000003,-100.403999999999996,730.000000000000000,7/7/1981 0:00:00,7,7,1981,TX_ASOS
63,GYI,SHERMAN/DENISON,33.714109999999998,-96.673670000000001,228.000000000000000,10/1/1982 0:00:00,10,1,1982,TX_ASOS
64,SEP,STEPHENVILLE/CLARK,32.215330000000002,-98.177670000000006,402.000000000000000,11/1/1983 0:00:00,11,1,1983,TX_ASOS
65,RKP,ROCKPORT/ARANSAS CO,28.083610000000000,-97.046390000000002,8.000000000000000,1/1/1984 0:00:00,1,1,1984,TX_ASOS
66,RBD,DALLAS/REDBIRD ARPT,32.680000000000000,-96.870000000000005,201.000000000000000,7/13/1984 0:00:00,7,13,1984,TX_ASOS
67,GPM,GRAND_PRAIRIE,32.698779999999999,-97.046920000000000,180.000000000000000,1/30/1985 0:00:00,1,30,1985,TX_ASOS
68,DWH,HOUSTON/D.W. HOOKS,30.068030000000000,-95.556240000000003,46.000000000000000,9/16/1986 0:00:00,9,16,1986,TX_ASOS
69,RPE,SABINE PASS,29.699999999999999,-93.950000000000003,3.000000000000000,10/1/1986 0:00:00,10,1,1986,TX_ASOS
70,SSF,SAN ANTONIO/STINSON,29.336980000000001,-98.471050000000005,176.000000000000000,1/5/1988 0:00:00,1,5,1988,TX_ASOS
71,LBX,ANGLETON/LAKE JACKS,29.108640000000001,-95.462080000000000,8.000000000000000,7/14/1989 0:00:00,7,14,1989,TX_ASOS
72,AFW,Fort Worth - Alliance,32.971600000000002,-97.317880000000002,204.819140000000004,1/1/1991 0:00:00,1,1,1991,TX_ASOS
73,GTU,GEORGETOWN (AWOS),30.680830000000000,-97.676659999999998,240.000000000000000,12/31/1991 0:00:00,12,31,1991,TX_ASOS
74,PWG,MC GREGOR (AWOS),31.484919999999999,-97.316530000000000,180.000000000000000,12/31/1991 0:00:00,12,31,1991,TX_ASOS
75,OCH,NACOGDOCHES (AWOS),31.577780000000001,-94.709440000000001,108.000000000000000,12/31/1991 0:00:00,12,31,1991,TX_ASOS
76,HYI,SAN MARCOS (AWOS),29.892749999999999,-97.863000000000000,182.000000000000000,4/8/1992 0:00:00,4,8,1992,TX_ASOS
77,BGD,BORGER/HUTCHINSON,35.700890000000001,-101.393659999999997,931.000000000000000,7/1/1996 0:00:00,7,1,1996,TX_ASOS
78,DTO,Denton,33.204999999999998,-97.200599999999994,200.717579999999998,7/1/1996 0:00:00,7,1,1996,TX_ASOS
79,FST,FORT STOCKTON,30.911940000000001,-102.916669999999996,917.000000000000000,7/1/1996 0:00:00,7,1,1996,TX_ASOS
80,SGR,HOUSTON/HULL FIELD,29.622250000000001,-95.656530000000004,2.000000000000000,7/1/1996 0:00:00,7,1,1996,TX_ASOS
81,BMQ,BURNET MUNICIPAL/KATE CRADDOCK,30.738930000000000,-98.238609999999994,389.000000000000000,10/1/1996 0:00:00,10,1,1996,TX_ASOS
82,CXO,CONROE/MONTGOMERY COUNTY AIRPORT,30.352360000000001,-95.414529999999999,75.000000000000000,1/1/1997 0:00:00,1,1,1997,TX_ASOS
83,UTS,HUNTSVILLE MUNICIPAL AIRPORT,30.746890000000000,-95.587170000000000,112.000000000000000,2/28/1997 0:00:00,2,28,1997,TX_ASOS
84,TRL,TERRELL,32.710000000000001,-96.269999999999996,145.000000000000000,5/31/1997 0:00:00,5,31,1997,TX_ASOS
85,CRS,CORSICANA,32.030000000000001,-96.400000000000006,137.000000000000000,6/1/1997 0:00:00,6,1,1997,TX_ASOS
86,TKI,MC KINNEY,33.180000000000000,-96.590000000000003,179.000000000000000,4/30/1998 0:00:00,4,30,1998,TX_ASOS
87,BAZ,NEW BRAUNFELS MUNI APT (WAS 3R5),29.709000000000000,-98.045000000000002,195.000000000000000,11/1/1998 0:00:00,11,1,1998,TX_ASOS
88,LVJ,Pearland Regional,29.518899999999999,-95.241699999999994,13.164370999999999,11/1/1998 0:00:00,11,1,1998,TX_ASOS
89,GKY,ARLINGTON (WAS F54),32.663860000000000,-97.094279999999998,192.000000000000000,12/1/1998 0:00:00,12,1,1998,TX_ASOS
90,ODO,ODESSA-SCHLEMEYER FLD (WAS E02),31.920559999999998,-102.386669999999995,915.000000000000000,12/1/1998 0:00:00,12,1,1998,TX_ASOS
91,AUS,Austin Bergstrom Intl,30.194530000000000,-97.669889999999995,189.000000000000000,5/23/1999 0:00:00,5,23,1999,TX_ASOS
92,6R6,DRYDEN,30.046019999999999,-102.212909999999994,702.000000000000000,7/1/1999 0:00:00,7,1,1999,TX_ASOS
93,11R,BRENHAM_MUNICIPAL_APT,30.218889999999998,-96.374170000000007,94.000000000000000,6/9/2000 0:00:00,6,9,2000,TX_ASOS
94,GLE,GAINESVILLE,33.651389999999999,-97.196939999999998,256.000000000000000,7/10/2001 0:00:00,7,10,2001,TX_ASOS
95,3T5,LA GRANGE/FAYETTE REGIONAL,29.910000000000000,-96.950000000000003,99.000000000000000,11/13/2001 0:00:00,11,13,2001,TX_ASOS
96,FWS,DFW NEXRAD,32.572969999999998,-97.303319999999999,208.025959999999998,12/16/2001 0:00:00,12,16,2001,TX_ASOS
97,LBR,CLARKSVILLE,33.593159999999997,-95.063559999999995,134.000000000000000,2/8/2002 0:00:00,2,8,2002,TX_ASOS
98,JAS,JASPER COUNTY-BELL FIELD AIRPORT,30.885690000000000,-94.034940000000006,65.000000000000000,3/13/2002 0:00:00,3,13,2002,TX_ASOS
99,SWW,SWEETWATER/AVENGER FIELD AIRPORT,32.467359999999999,-100.466560000000001,727.000000000000000,4/30/2002 0:00:00,4,30,2002,TX_ASOS
100,T82,FREDERICKSBURG/GILLESPIE COUNTY,30.243250000000000,-98.909189999999995,517.000000000000000,6/6/2002 0:00:00,6,6,2002,TX_ASOS
101,T65,WESLACO/MID VALLEY AIRPORT,26.177640000000000,-97.973060000000004,21.000000000000000,9/11/2002 0:00:00,9,11,2002,TX_ASOS
102,BYY,BAY_CITY,28.973250000000000,-95.863439999999997,14.000000000000000,11/11/2002 0:00:00,11,11,2002,TX_ASOS
103,PYX,PERRYTON/OCHILTREE COUNTY APT,36.414000000000001,-100.750000000000000,889.000000000000000,1/21/2003 0:00:00,1,21,2003,TX_ASOS
104,BKS,FALFURRIAS/BROOKS COUNTY AIRPORT,27.206669999999999,-98.121110000000002,34.000000000000000,1/24/2003 0:00:00,1,24,2003,TX_ASOS
105,OSA,MOUNT PLEASANT AIRPORT,33.095559999999999,-94.961389999999994,111.000000000000000,2/13/2003 0:00:00,2,13,2003,TX_ASOS
106,BPG,BIG_SPRING,32.212609999999998,-101.521640000000005,784.000000000000000,3/24/2003 0:00:00,3,24,2003,TX_ASOS
107,LUD,DECATUR,33.254249999999999,-97.580500000000001,319.000000000000000,5/16/2003 0:00:00,5,16,2003,TX_ASOS
108,RPH,GRAHAM_MUNI_ARPT,33.109999999999999,-98.555000000000007,344.000000000000000,5/16/2003 0:00:00,5,16,2003,TX_ASOS
109,E38,ALPINE,30.384000000000000,-103.683999999999997,1376.000000000000000,6/6/2003 0:00:00,6,6,2003,TX_ASOS
110,F05,VERNON,34.225670000000001,-99.283749999999998,386.000000000000000,6/6/2003 0:00:00,6,6,2003,TX_ASOS
111,SNK,SNYDER,32.693390000000001,-100.950469999999996,741.000000000000000,7/8/2003 0:00:00,7,8,2003,TX_ASOS
112,JSO,JACKSONVILLE,31.870000000000001,-95.219999999999999,206.000000000000000,7/9/2003 0:00:00,7,9,2003,TX_ASOS
113,HQZ,MESQUITE,32.746960000000001,-96.530420000000007,136.000000000000000,7/9/2003 0:00:00,7,9,2003,TX_ASOS
114,JWY,MIDLOTHIAN/WAXAC,32.456110000000002,-96.912499999999994,217.000000000000000,7/10/2003 0:00:00,7,10,2003,TX_ASOS
115,LNC,LANCASTER,32.579189999999997,-96.719049999999996,153.000000000000000,9/3/2003 0:00:00,9,3,2003,TX_ASOS
116,UVA,UVALDE/GARNER_FIELD_ARPT,29.211330000000000,-99.743579999999994,287.000000000000000,10/9/2003 0:00:00,10,9,2003,TX_ASOS
117,EBG,EDINBURG,26.441669999999998,-98.122219999999999,24.000000000000000,10/30/2003 0:00:00,10,30,2003,TX_ASOS
118,GDJ,GRANBURY,32.444420000000001,-97.816940000000002,237.000000000000000,10/30/2003 0:00:00,10,30,2003,TX_ASOS
119,LHB,HEARNE,30.870000000000001,-96.620000000000005,87.000000000000000,10/30/2003 0:00:00,10,30,2003,TX_ASOS
120,INJ,HILLSBORO,32.083610000000000,-97.097219999999993,209.000000000000000,10/30/2003 0:00:00,10,30,2003,TX_ASOS
121,RBO,ROBSTOWN,27.778540000000000,-97.690520000000006,24.000000000000000,10/30/2003 0:00:00,10,30,2003,TX_ASOS
122,PSN,PALESTINE,31.779689999999999,-95.706310000000002,129.000000000000000,11/7/2003 0:00:00,11,7,2003,TX_ASOS
123,PPA,PAMPA,35.613000000000000,-100.996250000000003,1050.000000000000000,11/19/2003 0:00:00,11,19,2003,TX_ASOS
124,COM,Coleman,31.841139999999999,-99.403610000000000,517.200000000000045,2/1/2004 0:00:00,2,1,2004,TX_ASOS
125,XBP,Bridgeport,33.175330000000002,-97.828389999999999,259.699999999999989,2/28/2004 0:00:00,2,28,2004,TX_ASOS
126,PEQ,PECOS,31.379999999999999,-103.510000000000005,796.000000000000000,2/28/2004 0:00:00,2,28,2004,TX_ASOS
127,PKV,PORT_LAVACA,28.654000000000000,-96.680999999999997,9.000000000000000,5/1/2004 0:00:00,5,1,2004,TX_ASOS
128,GNC,Seminole,32.675330000000002,-102.652670000000001,1010.000000000000000,5/1/2004 0:00:00,5,1,2004,TX_ASOS
129,DUX,DUMAS,35.857999999999997,-102.013000000000005,1129.000000000000000,6/8/2004 0:00:00,6,8,2004,TX_ASOS
130,GYB,GIDDINGS-LEE_CNTY_ARPT,30.170000000000002,-96.980000000000004,148.000000000000000,6/15/2004 0:00:00,6,15,2004,TX_ASOS
131,JXI,GILMER/FOX_STEPHENS_FIELD,32.700000000000003,-94.950000000000003,127.000000000000000,6/15/2004 0:00:00,6,15,2004,TX_ASOS
132,JDD,MINEOLA/QUITMAN,32.742199999999997,-95.496480000000005,132.000000000000000,6/15/2004 0:00:00,6,15,2004,TX_ASOS
133,CPT,CLEBURNE,32.353749999999998,-97.433750000000003,260.000000000000000,6/19/2004 0:00:00,6,19,2004,TX_ASOS
134,AQO,LLANO_MUNI_ARPT,30.783609999999999,-98.661940000000001,336.000000000000000,6/19/2004 0:00:00,6,19,2004,TX_ASOS
135,HBV,HEBBRONVILLE,27.349560000000000,-98.736940000000004,202.000000000000000,7/16/2004 0:00:00,7,16,2004,TX_ASOS
136,SOA,SONORA MUNI,30.585690000000000,-100.648560000000003,652.000000000000000,7/23/2004 0:00:00,7,23,2004,TX_ASOS
137,MKN,COMANCHE COUNTY/CITY ARPT,31.920000000000002,-98.599999999999994,423.000000000000000,10/5/2004 0:00:00,10,5,2004,TX_ASOS
138,GOP,GATESVILLE,31.421279999999999,-97.796970000000002,276.000000000000000,10/22/2004 0:00:00,10,22,2004,TX_ASOS
139,MDD,MIDLAND,32.036529999999999,-102.101029999999994,854.000000000000000,10/27/2004 0:00:00,10,27,2004,TX_ASOS
140,SLR,SULPHUR_SPRINGS,33.159999999999997,-95.620000000000005,149.000000000000000,10/27/2004 0:00:00,10,27,2004,TX_ASOS
141,ARM,WHARTON REGIONAL ARPT,29.254280000000001,-96.154390000000006,30.000000000000000,11/4/2004 0:00:00,11,4,2004,TX_ASOS
142,ECU,ROCKSPRINGS,29.946919999999999,-100.173850000000002,723.000000000000000,11/11/2004 0:00:00,11,11,2004,TX_ASOS
143,RAS,PORT ARANSAS/MUSTANG BEACH ARPT,27.809999999999999,-97.090000000000003,2.000000000000000,12/6/2004 0:00:00,12,6,2004,TX_ASOS
144,NMT,McMullen,28.236100000000000,-98.724199999999996,89.306410000000000,2/23/2005 0:00:00,2,23,2005,TX_ASOS
145,DKR,Crocket,31.306960000000000,-95.403829999999999,106.099999999999994,5/24/2005 0:00:00,5,24,2005,TX_ASOS
146,BBD,Brady,31.179290000000002,-99.323930000000004,557.000000000000000,9/1/2005 0:00:00,9,1,2005,TX_ASOS
147,ORG,Orange,30.069179999999999,-93.803610000000006,4.000000000000000,9/1/2005 0:00:00,9,1,2005,TX_ASOS
148,HRX,Hereford,34.857759999999999,-102.326409999999996,1153.000000000000000,1/17/2007 0:00:00,1,17,2007,TX_ASOS
149,PEZ,Pleasanton,28.954190000000001,-98.519980000000004,131.099999999999994,1/19/2007 0:00:00,1,19,2007,TX_ASOS
150,TFP,Ingleside,27.913029999999999,-97.211500000000001,5.000000000000000,1/25/2007 0:00:00,1,25,2007,TX_ASOS
151,BEA,Beeville,28.361870000000000,-97.791030000000006,81.700000000000003,1/27/2007 0:00:00,1,27,2007,TX_ASOS
152,CWC,Kickapoo,33.857840000000003,-98.490399999999994,304.000000000000000,4/20/2007 0:00:00,4,20,2007,TX_ASOS
153,MNZ,Hamilton,31.665929999999999,-98.148640000000000,395.899999999999977,12/7/2007 0:00:00,12,7,2007,TX_ASOS
154,BKD,Breckenridge,32.719050000000003,-98.891000000000005,391.399999999999977,2/12/2008 0:00:00,2,12,2008,TX_ASOS
155,F12,HENDERSON RUSK C,32.141719999999999,-94.851720000000000,135.000000000000000,2/15/2008 0:00:00,2,15,2008,TX_ASOS
156,T89,Castroville,29.341899999999999,-98.850899999999996,232.199129999999997,2/22/2008 0:00:00,2,22,2008,TX_ASOS
157,5R3,Lago Vista - Rusty Allen,30.498590000000000,-97.969999999999999,373.000000000000000,2/23/2008 0:00:00,2,23,2008,TX_ASOS
158,RYW,Lago Vista,30.496700000000001,-97.965890000000002,375.199999999999989,4/11/2008 0:00:00,4,11,2008,TX_ASOS
159,CVB,Castroville,29.341919999999998,-98.850899999999996,235.000000000000000,6/9/2008 0:00:00,6,9,2008,TX_ASOS
160,APY,Zapata,26.968789999999998,-99.248909999999995,128.599999999999994,6/20/2008 0:00:00,6,20,2008,TX_ASOS
161,MCJ,Houston Dunn,29.713999999999999,-95.394999999999996,22.525835000000001,9/11/2008 0:00:00,9,11,2008,TX_ASOS
162,RFI,Henderson,32.141719999999999,-94.851720000000000,134.699999999999989,10/21/2008 0:00:00,10,21,2008,TX_ASOS
163,TME,Houston Exec,29.805029999999999,-95.897890000000004,50.600000000000001,2/19/2009 0:00:00,2,19,2009,TX_ASOS
164,BPC,Pampa,35.889279999999999,-101.030140000000003,845.000000000000000,3/17/2009 0:00:00,3,17,2009,TX_ASOS
165,0F2,Bowie,33.601669999999999,-97.775559999999999,335.600000000000023,4/15/2009 0:00:00,4,15,2009,TX_ASOS
166,AXH,Houston SW,29.506139999999998,-95.476920000000007,20.699999999999999,5/12/2009 0:00:00,5,12,2009,TX_ASOS
167,DZB,Horseshoe,30.527049999999999,-98.358760000000004,333.000000000000000,6/5/2009 0:00:00,6,5,2009,TX_ASOS
168,LZZ,Lampasas,31.106190000000002,-98.195890000000006,370.300000000000011,7/19/2009 0:00:00,7,19,2009,TX_ASOS
169,EDC,Austin,30.392550000000000,-97.562129999999996,187.500000000000000,7/22/2009 0:00:00,7,22,2009,TX_ASOS
170,6R3,Cleveland,30.356439999999999,-95.007999999999996,45.700000000000003,10/20/2009 0:00:00,10,20,2009,TX_ASOS
171,OZA,Ozona,30.735279999999999,-101.202969999999993,725.700000000000045,12/23/2009 0:00:00,12,23,2009,TX_ASOS
172,5C1,San Antonio,29.723929999999999,-98.694640000000007,422.100000000000023,5/11/2010 0:00:00,5,11,2010,TX_ASOS
173,FTN,Carrizo Springs,28.208600000000001,-100.018799999999999,236.000000000000000,6/18/2010 0:00:00,6,18,2010,TX_ASOS
174,SPL,South Padre Island,26.070599999999999,-97.157200000000003,3.000000000000000,6/18/2010 0:00:00,6,18,2010,TX_ASOS
175,F17,Center,31.831600000000002,-94.156400000000005,95.238235000000003,9/1/2010 0:00:00,9,1,2010,TX_ASOS
176,BMT,Beaumont,30.070200000000000,-94.215100000000007,9.800000000000001,3/10/2011 0:00:00,3,10,2011,TX_ASOS
177,ASL,Marshall,32.520499999999998,-94.307779999999994,108.799999999999997,5/18/2011 0:00:00,5,18,2011,TX_ASOS
178,BIF,Fort Bliss,31.849530000000001,-106.380039999999994,1203.000000000000000,9/6/2011 0:00:00,9,6,2011,TX_ASOS
179,T35,Cameron,30.879359999999998,-96.971100000000007,124.160769999999999,4/17/2012 0:00:00,4,17,2012,TX_ASOS
180,E11,Andews,32.331099999999999,-102.529499999999999,963.141660000000002,4/18/2012 0:00:00,4,18,2012,TX_ASOS
181,F44,Athens,32.163849999999996,-95.828350000000000,135.396070000000009,8/14/2012 0:00:00,8,14,2012,TX_ASOS
182,F46,Rockwall,32.930590000000002,-96.435490000000001,178.256529999999998,8/27/2012 0:00:00,8,27,2012,TX_ASOS
183,CFD,Brazos,30.715699999999998,-96.331400000000002,102.431479999999993,5/2/2013 0:00:00,5,2,2013,TX_ASOS
184,T20,Gonzales,29.527999999999999,-97.461399999999998,108.132350000000002,5/2/2013 0:00:00,5,2,2013,TX_ASOS
185,T77,Presidio,29.634100000000000,-104.361599999999996,889.220400000000041,5/2/2013 0:00:00,5,2,2013,TX_ASOS
186,PRS,Presidio Lely,29.634200000000000,-104.361500000000007,888.864500000000021,7/2/2013 0:00:00,7,2,2013,TX_ASOS
187,LXY,Mexia Limestone,31.641200000000001,-96.514499999999998,166.289549999999991,8/30/2013 0:00:00,8,30,2013,TX_ASOS
188,CZT,Carrizo Springs,28.522200000000002,-99.823599999999999,178.271549999999991,12/11/2013 0:00:00,12,11,2013,TX_ASOS
189,66R,Columbus,29.641100000000002,-96.515799999999999,74.340400000000002,10/2/2014 0:00:00,10,2,2014,TX_ASOS
190,ELA,Eagle Lake,29.600600000000000,-96.321899999999999,56.802055000000003,3/23/2015 0:00:00,3,23,2015,TX_ASOS
191,5T9,Maverick County,28.857099999999999,-100.513499999999993,267.384160000000008,8/27/2015 0:00:00,8,27,2015,TX_ASOS
192,T70,Laughlin AFB,29.126000000000001,-100.480999999999995,297.549620000000004,4/22/2016 0:00:00,4,22,2016,TX_ASOS
193,GZN,Cisco,32.365800000000000,-99.023700000000005,523.063899999999990,6/29/2016 0:00:00,6,29,2016,TX_ASOS
194,F00,Bonham,33.613100000000003,-96.179299999999998,189.558439999999990,11/15/2016 0:00:00,11,15,2016,TX_ASOS
195,IKG,Kingsville,27.550899999999999,-98.030900000000003,39.114970000000000,11/16/2016 0:00:00,11,16,2016,TX_ASOS
196,6P9,Ranger,32.431719999999999,-98.594750000000005,455.306669999999997,12/25/2016 0:00:00,12,25,2016,TX_ASOS
197,ETN,Eastland,32.413499999999999,-98.809799999999996,444.625850000000014,5/3/2017 0:00:00,5,3,2017,TX_ASOS
198,2F5,Lamesa,32.747900000000001,-101.901799999999994,902.633500000000026,9/29/2017 0:00:00,9,29,2017,TX_ASOS
199,TXW,Weslaco,26.177499999999998,-97.973100000000002,21.301573000000001,8/2/2018 0:00:00,8,2,2018,TX_ASOS
200,LUV,Lamesa,32.756300000000003,-101.920199999999994,911.579600000000028,9/9/2018 0:00:00,9,9,2018,TX_ASOS
201,SEQ,Seguin Randolph AFB,29.565799999999999,-97.908299999999997,161.408359999999988,5/22/2019 0:00:00,5,22,2019,TX_ASOS
202,2R9,Kenedy,28.824990000000000,-97.865570000000005,87.853769999999997,7/23/2019 0:00:00,7,23,2019,TX_ASOS
203,4F2,Carthage,32.176000000000002,-94.298800000000000,75.229965000000007,9/24/2019 0:00:00,9,24,2019,TX_ASOS
204,T74,Taylor,30.572600000000001,-97.443200000000004,174.386750000000006,10/11/2019 0:00:00,10,11,2019,TX_ASOS
205,E41,Big Lake Reagan,31.198899999999998,-101.472499999999997,818.119699999999966,5/13/2020 0:00:00,5,13,2020,TX_ASOS
206,VHN,Van Horn,31.057800000000000,-104.783799999999999,1200.199200000000019,8/5/2020 0:00:00,8,5,2020,TX_ASOS
207,T69,Sinton,28.038599999999999,-97.542500000000004,17.970033999999998,9/15/2020 0:00:00,9,15,2020,TX_ASOS
208,81R,San Saba,31.235199999999999,-98.716999999999999,378.990940000000023,12/17/2020 0:00:00,12,17,2020,TX_ASOS
209,E42,Spearman,36.220999999999997,-101.194500000000005,945.885899999999992,2/9/2021 0:00:00,2,9,2021,TX_ASOS
210,LLN,Levelland,33.552500000000002,-102.372500000000002,1066.501700000000028,7/23/2021 0:00:00,7,23,2021,TX_ASOS
211,SHP,Sheppard AFB,33.966700000000003,-98.483300000000000,305.972629999999981,8/18/2021 0:00:00,8,18,2021,TX_ASOS
212,T78,Liberty,30.077800000000000,-94.698599999999999,21.857123999999999,8/21/2021 0:00:00,8,21,2021,TX_ASOS
213,8T6,George West / Live Oak,28.362800000000000,-98.116500000000002,37.000000000000000,2/24/2022 0:00:00,2,24,2022,TX_ASOS
214,ATA,Atlanta,33.101799999999997,-94.195300000000003,81.000000000000000,5/19/2022 0:00:00,5,19,2022,TX_ASOS
